{"dicai_8d84b1f56f7a43bc85686bebb339408e": {"name": "integration-test", "created_at": 1782494052.3055098, "rate_limit": 1000, "requests_count": 5, "last_request": 1782494052.3428285}}